{
  "name": "gateway",
  "nodes": [
    {
      "parameters": {
        "httpMethod": "POST",
        "path": "hr-ask",
        "responseMode": "responseNode",
        "options": {}
      },
      "type": "n8n-nodes-base.webhook",
      "typeVersion": 2.1,
      "position": [
        0,
        0
      ],
      "id": "1c51f80b-9447-4276-bfd2-1e3e6ee000b0",
      "name": "Webhook",
      "webhookId": "2bac4faf-debf-4f9b-a9b0-1e16443826e9"
    },
    {
      "parameters": {
        "workflowId": {
          "__rl": true,
          "value": "srbF3adpx8u6HeTo",
          "mode": "list",
          "cachedResultName": "consumer"
        },
        "workflowInputs": {
          "mappingMode": "defineBelow",
          "value": {
            "query": "={{$json.body.query}}",
            "k": "={{ '' + ($json.body.k ?? 6) }}"
          },
          "matchingColumns": [],
          "schema": [
            {
              "id": "query",
              "displayName": "query",
              "required": false,
              "defaultMatch": false,
              "display": true,
              "canBeUsedToMatch": true,
              "type": "string",
              "removed": false
            },
            {
              "id": "k",
              "displayName": "k",
              "required": false,
              "defaultMatch": false,
              "display": true,
              "canBeUsedToMatch": true,
              "type": "string",
              "removed": false
            }
          ],
          "attemptToConvertTypes": false,
          "convertFieldsToString": true
        },
        "options": {
          "waitForSubWorkflow": true
        }
      },
      "type": "n8n-nodes-base.executeWorkflow",
      "typeVersion": 1.2,
      "position": [
        208,
        0
      ],
      "id": "4abef50f-6089-49f1-8051-dfbc275709d9",
      "name": "Execute Workflow",
      "notesInFlow": false
    },
    {
      "parameters": {
        "options": {
          "responseCode": 200,
          "responseHeaders": {
            "entries": [
              {
                "name": "Content-Type",
                "value": "application/json"
              },
              {
                "name": "Access-Control-Allow-Origin",
                "value": "*"
              },
              {
                "name": "Access-Control-Allow-Headers",
                "value": "Content-Type"
              },
              {
                "name": "Access-Control-Allow-Methods",
                "value": "POST, OPTIONS"
              }
            ]
          }
        }
      },
      "type": "n8n-nodes-base.respondToWebhook",
      "typeVersion": 1.4,
      "position": [
        640,
        0
      ],
      "id": "d9f493ee-8bcb-407e-96e0-b752dcc326a5",
      "name": "Respond to Webhook",
      "alwaysOutputData": false,
      "executeOnce": false,
      "retryOnFail": false,
      "notesInFlow": false
    },
    {
      "parameters": {
        "assignments": {
          "assignments": [
            {
              "id": "093b1108-20d7-40a4-ad65-2845234b37db",
              "name": "answer",
              "value": "={{$items(\"Execute Workflow\")[0].json.answer || 'Cevap üretilemedi.'}}",
              "type": "string"
            },
            {
              "id": "9782d815-fa53-46fd-abe5-8f6d6733242e",
              "name": "snippets",
              "value": "={{$items(\"Execute Workflow\")[0].json.snippets || []}}",
              "type": "string"
            },
            {
              "id": "7a5d0aef-5a73-4cea-9e57-73ddcf81a691",
              "name": "used_sources",
              "value": "={{$items(\"Execute Workflow\")[0].json.used_sources || []}}",
              "type": "string"
            },
            {
              "id": "9fbf5cc6-3a0f-4d8a-b267-11b1ab1d3caa",
              "name": "via",
              "value": "=\"n8n-guard:no_context\"",
              "type": "string"
            }
          ]
        },
        "options": {}
      },
      "type": "n8n-nodes-base.set",
      "typeVersion": 3.4,
      "position": [
        432,
        0
      ],
      "id": "42d8b672-0b62-487b-82cd-421de2559978",
      "name": "Edit Fields"
    }
  ],
  "pinData": {},
  "connections": {
    "Webhook": {
      "main": [
        [
          {
            "node": "Execute Workflow",
            "type": "main",
            "index": 0
          }
        ]
      ]
    },
    "Execute Workflow": {
      "main": [
        [
          {
            "node": "Edit Fields",
            "type": "main",
            "index": 0
          }
        ]
      ]
    },
    "Respond to Webhook": {
      "main": [
        []
      ]
    },
    "Edit Fields": {
      "main": [
        [
          {
            "node": "Respond to Webhook",
            "type": "main",
            "index": 0
          }
        ]
      ]
    }
  },
  "active": true,
  "settings": {
    "executionOrder": "v1"
  },
  "versionId": "a9edf22e-bf3a-4f03-ae24-2900e7e910e8",
  "meta": {
    "instanceId": "e99b1a0492aaef06108a28ff81a79052679a6336f8b0aef88c19b360a1fed5da"
  },
  "id": "Is70un1cymGA1XoE",
  "tags": []
}